{
  "pagerank_spearman": -0.12287241657706134,
  "pagerank_kendall": -0.09039138901463935,
  "pagerank_pearson": 0.0008338216785614048,
  "pagerank_l1_error": 6526.751957449669,
  "pagerank_top_100_jaccard": 0.05263157894736842,
  "degree_centrality_corr": 0.27968940147492205,
  "community_nmi_sampled": 0.7242212993472945,
  "community_ari_sampled": 0.08511407342408221,
  "community_sample_size": 5000,
  "degree_distribution_kl": 20.33658319601581,
  "degree_correlation": 0.27968940147492205,
  "clustering_coefficient_original": 0.5933276795865903,
  "clustering_coefficient_summary": 0.11864352970678727,
  "clustering_coefficient_error": 0.474684149879803,
  "path_length_original_sampled": 6.42530459054732,
  "path_length_summary_sampled": 2.5885339885339884,
  "path_length_ratio_sampled": 0.4028655687922013,
  "node_compression_ratio": 0.0026427530036927595,
  "edge_compression_ratio": 0.00047223878319974143,
  "pagerank_runtime_original": 4.682510137557983,
  "pagerank_runtime_summary": 0.005872964859008789,
  "pagerank_runtime_ratio": 0.0012542343073434648,
  "pagerank_speedup": 797.2991921406243,
  "time_pagerank": 5.378451108932495,
  "time_centrality": 69.5802948474884,
  "time_degree_distribution": 0.2981100082397461,
  "time_clustering": 9.453878164291382,
  "time_path_lengths": 870.4415919780731,
  "time_compression": 4.821159839630127,
  "time_total_evaluation": 4.821176767349243,
  "method": "community",
  "reduction_factor": 0.1,
  "summarization_time": 813.4856970310211,
  "original_nodes": 281903,
  "original_edges": 1992636,
  "summary_nodes": 745,
  "summary_edges": 941
}